model,phase,threads,context_tokens,reps,median_ms,iqr_ms,min_ms,max_ms,ms_per_1k_ctx,tokens_per_s,params_millions,elapsed_s,timestamp
Qwen/Qwen2.5-1.5B,prefill,4,1024,3,28687.797,267.687,28484.066,28751.752,28015.427,35.69,1543.7,155.4,2026-10-02T01:18:40
Qwen/Qwen2.5-1.5B,prefill,4,8192,3,278167.637,9439.058,272883.788,282322.846,33956.01,29.45,1543.7,1385.6,2026-10-02T01:41:45
Qwen/Qwen2.5-1.5B,prefill,4,512,3,14894.382,20.886,14885.799,14906.685,29090.589,34.38,1543.7,76.3,2026-10-02T01:43:02
Qwen/Qwen2.5-1.5B,decode,4,128,3,320.351,11.39,315.286,326.676,,3.122,1543.7,52.4,2026-10-02T01:43:54
Qwen/Qwen2.5-1.5B,decode,4,1024,3,338.14,1.073,337.665,338.739,,2.957,1543.7,177.3,2026-10-02T01:46:51
Qwen/Qwen2.5-1.5B,prefill,4,4096,3,129596.454,22373.948,121795.684,144169.632,31639.759,31.61,1543.7,647.1,2026-10-02T01:57:38
Qwen/Qwen2.5-1.5B,canary,4,512,3,15310.393,1211.405,14334.545,15545.951,29903.112,33.44,1543.7,0,2026-10-02T01:58:39
Qwen/Qwen2.5-1.5B,prefill,4,2048,3,60151.719,5011.928,59711.573,64723.501,29370.957,34.05,1543.7,301.2,2026-10-02T02:03:40
Qwen/Qwen2.5-1.5B,prefill,4,128,3,3878.442,81.914,3850.304,3932.217,30300.327,33.0,1543.7,19.4,2026-10-02T02:04:00
Qwen/Qwen2.5-1.5B,decode,4,4096,3,418.882,2.98,418.542,421.522,,2.387,1543.7,655.3,2026-10-02T02:14:55
Qwen/Qwen2.5-1.5B,decode,4,2048,3,363.158,3.227,360.184,363.411,,2.754,1543.7,327.4,2026-10-02T02:20:22
Qwen/Qwen2.5-1.5B,decode,4,8192,3,512.262,42.944,491.581,534.525,,1.952,1543.7,1459.3,2026-10-02T02:44:42
Qwen/Qwen2.5-1.5B,decode,4,512,3,336.36,6.781,332.932,339.713,,2.973,1543.7,110.0,2026-10-02T02:46:32
Qwen/Qwen2.5-1.5B,canary,4,512,3,14998.059,244.658,14910.324,15154.982,29293.084,34.14,1543.7,0,2026-10-02T02:47:32
