model,phase,threads,context_tokens,reps,median_ms,iqr_ms,min_ms,max_ms,ms_per_1k_ctx,tokens_per_s,quant,backend,elapsed_s,timestamp
Qwen2.5-1.5B-f16,prefill,4,4096,3,179736.233,1768.497,178683.13,180451.627,43880.916,22.79,f16,llama.cpp,900.0,2026-10-01T04:40:06
Qwen2.5-1.5B-f16,prefill,4,512,5,19596.471,86.427,19517.674,19605.063,38274.357,26.13,f16,llama.cpp,136.8,2026-10-01T04:42:23
Qwen2.5-1.5B-f16,prefill,4,128,5,4815.598,74.009,4757.642,4853.581,37621.86,26.58,f16,llama.cpp,33.8,2026-10-01T04:42:56
Qwen2.5-1.5B-f16,decode,4,128,5,146.844,5.582,144.296,153.502,,6.81,f16,llama.cpp,58.5,2026-10-01T04:43:55
Qwen2.5-1.5B-f16,decode,4,2048,3,154.195,1.163,153.936,155.099,,6.485,f16,llama.cpp,432.3,2026-10-01T04:51:07
Qwen2.5-1.5B-f16,prefill,4,1024,5,39696.682,79.406,39648.753,39752.93,38766.291,25.8,f16,llama.cpp,278.4,2026-10-01T04:55:46
Qwen2.5-1.5B-f16,canary,4,512,3,19390.032,86.906,19348.085,19434.991,37871.157,26.41,f16,llama.cpp,0,2026-10-01T04:57:03
Qwen2.5-1.5B-f16,decode,4,4096,3,166.615,2.172,166.45,168.622,,6.002,f16,llama.cpp,912.5,2026-10-01T05:12:16
Qwen2.5-1.5B-f16,decode,4,1024,5,149.987,3.877,148.703,154.483,,6.667,f16,llama.cpp,303.1,2026-10-01T05:17:19
Qwen2.5-1.5B-f16,prefill,4,2048,3,82347.538,200.572,82264.818,82465.39,40208.759,24.87,f16,llama.cpp,412.4,2026-10-01T05:24:11
Qwen2.5-1.5B-f16,decode,4,512,5,146.978,3.15,143.948,147.392,,6.804,f16,llama.cpp,160.9,2026-10-01T05:26:52
Qwen2.5-1.5B-q8_0,prefill,4,4096,3,138529.992,412.706,138161.761,138574.467,33820.799,29.57,q8_0,llama.cpp,699.1,2026-10-01T05:38:41
Qwen2.5-1.5B-q8_0,prefill,4,512,5,14386.315,58.858,14338.527,14421.024,28098.272,35.59,q8_0,llama.cpp,100.6,2026-10-01T05:40:21
Qwen2.5-1.5B-q8_0,prefill,4,128,5,3479.573,98.778,3469.811,3572.632,27184.161,36.79,q8_0,llama.cpp,24.7,2026-10-01T05:40:46
Qwen2.5-1.5B-q8_0,decode,4,128,5,86.946,3.15,84.35,88.602,,11.501,q8_0,llama.cpp,39.3,2026-10-01T05:41:25
Qwen2.5-1.5B-q8_0,decode,4,2048,3,99.047,2.992,97.513,100.505,,10.096,q8_0,llama.cpp,322.7,2026-10-01T05:46:48
Qwen2.5-1.5B-q8_0,prefill,4,1024,5,29559.976,113.161,29502.616,29635.802,28867.164,34.64,q8_0,llama.cpp,207.1,2026-10-01T05:50:15
Qwen2.5-1.5B-q8_0,canary,4,512,3,14415.989,92.173,14344.907,14437.08,28156.228,35.52,q8_0,llama.cpp,0,2026-10-01T05:51:13
Qwen2.5-1.5B-q8_0,decode,4,4096,3,113.852,3.094,111.935,115.029,,8.783,q8_0,llama.cpp,708.7,2026-10-01T06:03:02
Qwen2.5-1.5B-q8_0,decode,4,1024,5,92.942,3.904,91.822,96.108,,10.759,q8_0,llama.cpp,222.8,2026-10-01T06:06:44
Qwen2.5-1.5B-q8_0,prefill,4,2048,3,62779.424,529.729,62266.325,62796.053,30654.016,32.62,q8_0,llama.cpp,312.6,2026-10-01T06:11:57
Qwen2.5-1.5B-q8_0,decode,4,512,5,88.63,3.858,86.992,91.398,,11.283,q8_0,llama.cpp,115.6,2026-10-01T06:13:53
Qwen2.5-1.5B-q4_k_m,prefill,4,4096,3,123195.573,373.962,122834.736,123208.698,30077.044,33.25,q4_k_m,llama.cpp,621.2,2026-10-01T06:24:23
Qwen2.5-1.5B-q4_k_m,prefill,4,512,5,12443.732,113.486,12327.106,12485.474,24304.164,41.15,q4_k_m,llama.cpp,86.9,2026-10-01T06:25:50
Qwen2.5-1.5B-q4_k_m,prefill,4,128,5,2990.231,36.061,2978.5,3038.567,23361.182,42.81,q4_k_m,llama.cpp,21.1,2026-10-01T06:26:11
Qwen2.5-1.5B-q4_k_m,decode,4,128,5,63.636,2.492,60.542,65.241,,15.714,q4_k_m,llama.cpp,31.6,2026-10-01T06:26:42
Qwen2.5-1.5B-q4_k_m,decode,4,2048,3,72.988,1.097,72.217,73.314,,13.701,q4_k_m,llama.cpp,281.9,2026-10-01T06:31:24
Qwen2.5-1.5B-q4_k_m,prefill,4,1024,5,25638.724,111.389,25492.072,25693.532,25037.817,39.94,q4_k_m,llama.cpp,179.2,2026-10-01T06:34:24
Qwen2.5-1.5B-q4_k_m,canary,4,512,3,12382.36,99.96,12350.748,12450.708,24184.297,41.35,q4_k_m,llama.cpp,0,2026-10-01T06:35:13
Qwen2.5-1.5B-q4_k_m,decode,4,4096,3,86.613,2.515,85.502,88.017,,11.546,q4_k_m,llama.cpp,622.9,2026-10-01T06:45:36
Qwen2.5-1.5B-q4_k_m,decode,4,1024,5,65.322,2.672,65.041,69.459,,15.309,q4_k_m,llama.cpp,189.9,2026-10-01T06:48:46
Qwen2.5-1.5B-q4_k_m,prefill,4,2048,3,54507.763,198.261,54413.418,54611.68,26615.119,37.57,q4_k_m,llama.cpp,272.5,2026-10-01T06:53:18
Qwen2.5-1.5B-q4_k_m,decode,4,512,5,62.008,2.003,61.764,65.659,,16.127,q4_k_m,llama.cpp,97.0,2026-10-01T06:54:55
TinyLlama-1.1B-q8_0,prefill,4,512,5,11145.439,30.875,11124.137,11160.679,21768.436,45.94,q8_0,llama.cpp,85.3,2026-10-01T06:56:38
TinyLlama-1.1B-q8_0,decode,4,1024,5,66.726,3.093,66.199,71.87,,14.987,q8_0,llama.cpp,176.5,2026-10-01T06:59:34
TinyLlama-1.1B-q8_0,prefill,4,2048,3,51877.797,177.148,51767.448,51944.596,25330.955,39.48,q8_0,llama.cpp,260.5,2026-10-01T07:03:55
TinyLlama-1.1B-q8_0,decode,4,128,5,56.952,3.628,56.643,60.473,,17.559,q8_0,llama.cpp,28.5,2026-10-01T07:04:24
TinyLlama-1.1B-q8_0,decode,4,512,5,62.552,33.149,61.614,126.137,,15.987,q8_0,llama.cpp,91.3,2026-10-01T07:05:55
TinyLlama-1.1B-q8_0,prefill,4,4096,3,122087.182,999.465,121787.081,122786.546,29806.441,33.55,q8_0,llama.cpp,611.4,2026-10-01T07:16:06
TinyLlama-1.1B-q8_0,canary,4,512,3,11195.289,33.792,11180.887,11214.679,21865.798,45.73,q8_0,llama.cpp,0,2026-10-01T07:16:51
TinyLlama-1.1B-q8_0,decode,4,2048,3,77.809,0.729,77.67,78.399,,12.852,q8_0,llama.cpp,268.6,2026-10-01T07:21:20
TinyLlama-1.1B-q8_0,prefill,4,128,5,2654.922,57.086,2643.329,2749.942,20741.578,48.21,q8_0,llama.cpp,18.8,2026-10-01T07:21:38
TinyLlama-1.1B-q8_0,decode,4,4096,3,97.896,5.143,97.218,102.36,,10.215,q8_0,llama.cpp,625.2,2026-10-01T07:32:04
TinyLlama-1.1B-q8_0,prefill,4,1024,5,23949.99,341.945,23615.071,24008.352,23388.662,42.76,q8_0,llama.cpp,167.7,2026-10-01T07:34:51
TinyLlama-1.1B-q4_k_m,prefill,4,512,5,9688.251,412.892,9668.208,10482.53,18922.365,52.85,q4_k_m,llama.cpp,68.8,2026-10-01T07:36:08
TinyLlama-1.1B-q4_k_m,decode,4,1024,5,50.381,2.699,50.045,55.097,,19.849,q4_k_m,llama.cpp,151.7,2026-10-01T07:38:39
TinyLlama-1.1B-q4_k_m,prefill,4,2048,3,45525.462,362.414,45403.208,45765.622,22229.23,44.99,q4_k_m,llama.cpp,227.8,2026-10-01T07:42:27
TinyLlama-1.1B-q4_k_m,decode,4,128,5,41.664,3.031,40.537,44.882,,24.001,q4_k_m,llama.cpp,23.2,2026-10-01T07:42:50
TinyLlama-1.1B-q4_k_m,decode,4,512,5,46.029,3.128,45.284,50.176,,21.725,q4_k_m,llama.cpp,77.1,2026-10-01T07:44:08
TinyLlama-1.1B-q4_k_m,prefill,4,4096,3,110126.995,434.142,109918.723,110352.865,26886.473,37.19,q4_k_m,llama.cpp,551.7,2026-10-01T07:53:19
TinyLlama-1.1B-q4_k_m,canary,4,512,3,9632.824,11.87,9628.724,9640.594,18814.109,53.15,q4_k_m,llama.cpp,0,2026-10-01T07:53:58
TinyLlama-1.1B-q4_k_m,decode,4,2048,3,61.414,5.63,60.507,66.136,,16.283,q4_k_m,llama.cpp,237.8,2026-10-01T07:57:56
TinyLlama-1.1B-q4_k_m,prefill,4,128,5,2279.806,62.051,2268.483,2374.249,17810.983,56.15,q4_k_m,llama.cpp,16.1,2026-10-01T07:58:12
TinyLlama-1.1B-q4_k_m,decode,4,4096,3,81.265,6.712,81.054,87.766,,12.305,q4_k_m,llama.cpp,561.6,2026-10-01T08:07:33
TinyLlama-1.1B-q4_k_m,prefill,4,1024,5,20548.208,75.475,20493.291,20596.209,20066.609,49.83,q4_k_m,llama.cpp,149.7,2026-10-01T08:10:03
